P_requirement,Reserve_Bid_kW,Shortfall_Rate,Expected_Shortfall_kW
0.8,73.7210891896537,0.18816666666666668,7.3884642690901305
0.85,50.61910522557889,0.1325,3.6841751371264357
0.9,31.58344671593511,0.08316666666666667,1.6465969996989889
0.95,9.405576232057314,0.03825,0.3028832632430392
1.0,0.0,0.0,0.0
